user_id,language,task,task_order,final_draft,completed,created_at
33841,English,task_a,1,"1. Incentivize the construction of housing that is more affordable to regulate the exponentially increasing housing costs
- Government offers tax deductions/other financial incentives for those who construct more affordable housing unites
- Collaborate with private sectors to acquire surplus city land, and dedicate that land to affordable housing construction directly done by the government
- This leads to the government directly increasing the supply of affordable housing, but securing the legislative approval could take a long time when put into practice. People may also think of less pricy housing/government-built homes less ideal to live in, just for the sake of its looks/reliability/etc.

2. Stabilizing renting/housing costs
- Government controls the amount of rent you can raise per year (% value)
- Tenants have stronger legal protections against any price increases in rent
- These measures of preventing rapid rent increases the liability of people having a secure place to live in without having to worry about being forced to move due to rents increasing.
- However, some landlords would not appreciate this limit when dealing with the existing society's requirements of how much money they need to sustain themselves. If they resits, finding affordable homes could become even more difficult.",1,2026-04-20T16:40:50.323Z
33841,Korean,task_b,2,"1. 지역에 특화된 시설과 공공 서비스 확대; 도시의 특성과 필요를 고려하여 이 특성에 따라 사람들이 잘 적응할 수 있게 도와주는 생활 공간 및 서비스가 잘 제공될 수 있어야 모두가 빠르게 성장하고 변하는 생활 속에서 살아남을 수 있게 될 것입니다.
예시:
- 일부 지역에 특화된 산업 혹은 기술을 집중적으로 파고 들어 이를 알리고 모두가 배울 수 있는 환경을 적극적으로 지원한다
- 노년층이 복잡하고 이해하기 어렵게 변하는 세상 속에서 좀 더 익숙한 환경에서 활기찬 하루를 보낼 수 있는 편안한 쉬는 공간과 서비스 제공 - 단, 약자 취급과는 달라야 합니다 (정말 방해 요소와 약하다는 취급이 없는, 편하게 있을 수 있는 곳)
- 문제점: 지속 가능성이 떨어질 수도 있다 (도시에서 필요성이 느껴지는 것들은 빠르게 변하고 사람들이 원하는 것도 그거에 따라서 금방 변할 가능성이 있다)

2. 인구 증가에 따라 변하는 지역를 적극적으로 반영하는 시스템 적용
- 게속해서 변하는 사회에 따라서 모두가 새로운 걸 배울 수 있도록 만드는 시스템
- 이 변화에 대해서 긍정적으로 생각할 수 있게 불안함이 아닌 배움을 준다
- 문제점: 예산이 계속해서 따라주어야 하고, 지속적인 관리와 하루에도 수십번 변하고 새롭게 탄생하는 것들을 모두 가르치려면 ""학생""들에게 부담을 심어줄 수도 있다",1,2026-04-20T16:52:43.789Z
UID-1776989058197-147na,English,task_a,1,"Solution 1: Rent Control & Intervention

Implementing rent control mechanisms, such as capping annual rent increases or restricting landlords' ability to raise rents significantly, can help prevent excessive price hikes. 

Benefits: Directly addresses affordability by limiting how much tenants pay in rent. It helps stabilize the market and prevents displacement of vulnerable populations.

Challenges: Rent control often leads to longer waitlists for affordable units, as demand outpaces supply. This could increase competition and lead to housing speculation if not properly regulated. 

Solution 2: Increase Housing Supply & Promote Density

Concept: Encourage the construction of more diverse housing options through increased density zoning regulations in urban areas. This could include incentivizing developers to build affordable units by offering tax breaks or other incentives.

Benefits: By increasing supply, government intervention can directly address the shortage of available homes. Increased density can also help reduce commute times and promote a more sustainable living environment.

Challenges: Resistance from communities or property owners who fear increased traffic or density may be significant. Furthermore, building new housing must align with local zoning laws and regulations to ensure safety and functionality.",1,2026-04-24T00:07:13.116Z
UID-1776989058197-147na,Vietnamese,task_b,2,"1. Phát triển hạ tầng đồng bộ và công nghệ:

Ví dụ: Cần đầu tư mạnh mẽ vào hệ thống giao thông, bao gồm đường bộ, đường sắt, đường thủy, và cao tốc. Việc xây dựng các cầu mới, nâng cấp các tuyến đường hiện có, sử dụng công nghệ GPS và tự động hóa trong việc vận hành phương tiện giao thông sẽ giúp giảm thời gian chờ đợi và tối ưu hóa hiệu suất.

Luận điểm: Xây dựng hạ tầng đồng bộ là giải pháp lâu dài để đáp ứng nhu cầu của dân số ngày càng đông. Ngăn ngừa tình trạng ùn tắc giao thông, tăng cường năng suất kinh tế, nâng cao chất lượng cuộc sống cho người dân.

2. Tăng cường quản lý nhà ở và dịch vụ cộng đồng:

Ví dụ: Cần đầu tư vào việc xây dựng và cải thiện các khu đô thị mới, kết hợp công trình tiện ích (nhà trẻ, trường học, bệnh viện, ...). Đồng thời, cần phát triển các chính sách hỗ trợ cho người dân trong việc mua nhà, giảm bớt chi phí sinh hoạt.

Luận điểm: Quản lý nhà ở hiệu quả sẽ giúp giảm áp lực đô thị, tránh tình trạng thiếu nhà và tăng giá nhà. Các dịch vụ cộng đồng chất lượng cao, phù hợp với nhu cầu của người dân sẽ góp phần nâng cao mức sống, tạo môi trường sống tốt hơn cho thành phố.

Hạn chế của chính sách:

Phòng chống lãng phí: Cần có kế hoạch chi tiêu và triển khai các dự án nhà ở, dịch vụ công cộng một cách hiệu quả để tránh lãng phí.

Sự thay đổi thói quen sử dụng dịch vụ: Việc áp dụng các chính sách quản lý đô thị cần được kết hợp với sự thay đổi thói quen của người dân.

Bên cạnh đó, Chính phủ cần xây dựng chiến lược dài hạn và liên tục cập nhật để theo kịp nhu cầu phát triển của đô thị.

↻",1,2026-04-24T00:11:38.003Z
UID-1777303111836-827na,English,task_b,1,"Cities facing rapid population growth must manage overcrowding while maintaining economic opportunity and quality of life. One solution is smart growth and sustainable development, which focuses on denser, mixed use areas and better public transportation. This reduces congestion, lowers environmental impact, and improves accessibility. However, it requires high upfront costs and long-term planning.

Another solution is improving housing affordability through policies like high density housing, public housing, and land trusts. This increases housing supply, reduces overcrowding, and supports stable communities. However, it can face political resistance and requires consistent funding.

Overall, combining smart urban planning with housing policies can help cities balance growth, economic opportunity, and livability.",1,2026-04-27T15:22:13.698Z
UID-1777303111836-827na,Korean,task_a,2,"많은 도시에서 주택 가격이 소득보다 빠르게 상승하면서 사람들이 적절한 주거를 확보하기 점점 어려워지고 있다. 이러한 문제를 해결하기 위해 정부는 주택 공급을 늘리면서도 경제 안정성을 유지할 수 있는 정책을 마련해야 한다. 첫 번째로, 주택 건설 지원 정책을 강화하는 방법이 있다. 도시 개발에 필요한 인프라와 도로 건설을 지원하고, 신규 주택 개발을 장려하면 초기 비용 부담을 줄이고 전체 주택 공급을 확대할 수 있다. 이는 주택 가격 안정과 경제 활성화에 긍정적인 영향을 줄 수 있지만, 막대한 재정이 필요하고 개발 과정에서 환경 문제나 지역 갈등이 발생할 수 있다는 한계도 있다.

두 번째로, 저렴한 주택 공급과 주거 지원 정책을 확대하는 방안이 있다. 저소득층을 위한 맞춤형 주택을 제공하고 기존 주택의 유지보수를 지원하면 주거 안정성을 높이고 불평등을 완화할 수 있다. 다만 이러한 정책은 지속적인 정부 재정이 필요하며, 경우에 따라 시장에 영향을 주어 민간 참여를 위축시킬 가능성도 있다. 따라서 주택 문제를 효과적으로 해결하기 위해서는 공급 확대와 사회적 지원 정책을 균형 있게 추진하는 것이 중요하다.",1,2026-04-27T15:36:11.447Z
